Asset,Category,Version / commit,Intended use / actual use,Licence,Original source,Licence / source evidence,Review status,Pending details / next action,Owner
upper_leg_right__右上腿__x1.stl,External CAD,bf96450c75e635efb993676fe90c6456fb8a00af (linked source revision; local copy unverified),Original recorded intention: modify for custom walking-bird prototype. Actual incorporation in original owl design not confirmed.,CC BY-NC-SA 4.0,https://github.com/tianjin66/microduck-step-3d-models-ai-stl,https://github.com/tianjin66/microduck-step-3d-models-ai-stl/blob/bf96450c75e635efb993676fe90c6456fb8a00af/LICENSE,Pending review — RB-004.2; not cleared for commercial release,Confirm whether used/modified and local revision. NonCommercial restriction; founder/reviewer to decide replacement or permission. Existing asset evidence: https://github.com/tianjin66/microduck-step-3d-models-ai-stl/blob/bf96450c75e635efb993676fe90c6456fb8a00af/01_STL_original/upper_leg_right__%E5%8F%B3%E4%B8%8A%E8%85%BF__x1.stl,Prashant; founder/reviewer approval
Python / CPython,Development tool,"3.14.2, 64-bit (user-reported)",Project scripting and development environment; deployment in robot not established,PSF License Version 2; bundled components have additional terms,https://github.com/python/cpython/tree/v3.14.2,https://raw.githubusercontent.com/python/cpython/v3.14.2/LICENSE,Source licence checked; reuse approval pending,Record environment and selected external Python packages separately; confirm applicable notices if redistributed.,Prashant
Git for Windows,Development tool,2.51.0.windows.1 (user-reported),Version control on development computer,GNU GPL v2 for Git; bundled-component terms separate,https://github.com/git-for-windows/git/tree/v2.51.0.windows.1,https://raw.githubusercontent.com/git-for-windows/git/v2.51.0.windows.1/COPYING,Source licence checked; reuse approval pending,Development tool use only recorded; review component notices if redistributing installer.,Prashant
Arduino IDE,Development tool,2.3.10 (user-reported),Compile and upload OpenRB-150 firmware,GNU AGPL v3; distribution includes separately licensed components,https://github.com/arduino/arduino-ide/tree/2.3.10,https://github.com/arduino/arduino-ide/tree/2.3.10#license,Version-specific README licence checked; reuse approval pending,"IDE licence is separate from sketch, board core and library licences; record examples actually copied.",Prashant
FreeCAD,Development tool,1.1.3 (user-reported/screenshots),Original CAD creation and sample plate macro,GNU LGPL v2.1 licence text; component-specific terms require review,https://github.com/FreeCAD/FreeCAD/tree/1.1.3,https://raw.githubusercontent.com/FreeCAD/FreeCAD/1.1.3/LICENSE,Source licence checked; reuse approval pending,Tool use does not clear imported third-party CAD; record any selected add-ons separately.,Prashant
MuJoCo,Simulation tool,3.14.0 (user-reported),Installed for future simulation; no simulation test claimed,Apache-2.0; third-party component terms separate,https://github.com/google-deepmind/mujoco/tree/3.14.0,https://github.com/google-deepmind/mujoco/blob/3.14.0/LICENSE,Source licence checked; reuse approval pending,Confirm installed Python environment; record external simulation models/datasets only when selected.,Prashant
GitHub Desktop,Development tool,Pending — exact installed version,"Repository, branch, commit and push management",MIT repository source licence; application EULA and third-party notices also apply,https://github.com/desktop/desktop,https://github.com/desktop/desktop,Exact-version verification and reuse review pending,Record installed version and its pinned licence/third-party notices. Current repository evidence is not version-specific.,Prashant
OpenRB-150 board package,Controller package,0.2.1 (user-reported); exact package identifier pending,Compile/upload firmware for OpenRB-150,Current repository top-level Apache-2.0; installed 0.2.1 core/component terms pending,https://github.com/ROBOTIS-GIT/OpenRB-150,https://github.com/ROBOTIS-GIT/OpenRB-150,Version-specific licence verification and reuse review pending,"Confirm package identifier and 0.2.1 archive/commit; inspect bundled core, libraries and toolchain notices. Do not treat top-level licence as blanket permission.",Prashant
Dynamixel2Arduino,Controller library,0.8.1 (user-reported; upstream metadata matches),DYNAMIXEL communication/control in OpenRB-150 sketch,Apache-2.0 (declared in 0.8.1 package metadata),https://github.com/ROBOTIS-GIT/Dynamixel2Arduino/tree/0.8.1,https://raw.githubusercontent.com/ROBOTIS-GIT/Dynamixel2Arduino/0.8.1/library.properties,Version-specific licence declaration checked; reuse approval pending,Retain applicable licence/notice and change records; verify full release licence files and any example-specific headers before release.,Prashant
Controller example / starting sketch,Code provenance to identify,Pending — actual example path and source revision,Starting code used for reported motor demonstration; external origin not yet confirmed,Pending — identify source and file-level licence,Pending — provide actual example/sketch source,Pending — source file and licence/header,Pending identification and review,Identify sketch name/path and whether original or adapted; link exact upstream file/commit if copied. Do not infer which example was used.,Prashant